{
  "name": "ErgoDash",
  "vendorId": "0xFEED",
  "productId": "0x6060",
  "lighting": "qmk_rgblight",
  "matrix": { "rows": 10, "cols": 7 },
  "layouts": {
    "keymap": [
  [
    {
      "x": 3
    },
    "0,3",
    {
      "x": 9.25
    },
    "5,3"
  ],
  [
    {
      "y": -0.87,
      "x": 2
    },
    "0,2",
    {
      "x": 1
    },
    "0,4",
    {
      "x": 7.25
    },
    "5,2",
    {
      "x": 1
    },
    "5,4"
  ],
  [
    {
      "y": -0.8799999999999999,
      "x": 5
    },
    "0,5",
    {
      "x": 5.25
    },
    "5,1"
  ],
  [
    {
      "y": -0.87,
      "c": "##777777",
      "t": "#aaaaaa"
    },
    "0,0",
    {
      "c": "#cccccc",
      "t": "#000000"
    },
    "0,1",
    {
      "x": 13.25
    },
    "5,5",
    {
      "c": "##777777",
      "t": "#aaaaaa"
    },
    "5,6"
  ],
  [
    {
      "y": -0.6299999999999999,
      "x": 6,
      "c": "#cccccc",
      "t": "#000000"
    },
    "0,6",
    {
      "x": 3.25
    },
    "5,0"
  ],
  [
    {
      "y": -0.75,
      "x": 3
    },
    "1,3",
    {
      "x": 9.25
    },
    "6,3"
  ],
  [
    {
      "y": -0.8700000000000001,
      "x": 2
    },
    "1,2",
    {
      "x": 1
    },
    "1,4",
    {
      "x": 7.25
    },
    "6,2",
    {
      "x": 1
    },
    "6,4"
  ],
  [
    {
      "y": -0.8799999999999999,
      "x": 5
    },
    "1,5",
    {
      "x": 5.25
    },
    "6,1"
  ],
  [
    {
      "y": -0.8700000000000001,
      "c": "##777777",
      "t": "#aaaaaa"
    },
    "1,0",
    {
      "c": "#cccccc",
      "t": "#000000"
    },
    "1,1",
    {
      "x": 13.25
    },
    "6,5",
    {
      "c": "##777777",
      "t": "#aaaaaa"
    },
    "6,6"
  ],
  [
    {
      "y": -0.6299999999999999,
      "x": 6,
      "c": "#cccccc",
      "t": "#000000"
    },
    "1,6",
    {
      "x": 3.25
    },
    "6,0"
  ],
  [
    {
      "y": -0.75,
      "x": 3
    },
    "2,3",
    {
      "x": 9.25
    },
    "7,3"
  ],
  [
    {
      "y": -0.8700000000000001,
      "x": 2
    },
    "2,2",
    {
      "x": 1
    },
    "2,4",
    {
      "x": 7.25
    },
    "7,2",
    {
      "x": 1
    },
    "7,4"
  ],
  [
    {
      "y": -0.8799999999999999,
      "x": 5
    },
    "2,5",
    {
      "x": 5.25
    },
    "7,1"
  ],
  [
    {
      "y": -0.8700000000000001,
      "c": "##777777",
      "t": "#aaaaaa"
    },
    "2,0",
    {
      "c": "#cccccc",
      "t": "#000000"
    },
    "2,1",
    {
      "x": 13.25
    },
    "7,5",
    {
      "c": "##777777",
      "t": "#aaaaaa"
    },
    "7,6"
  ],
  [
    {
      "y": -0.6299999999999999,
      "x": 6,
      "c": "#cccccc",
      "t": "#000000"
    },
    "2,6",
    {
      "x": 3.25
    },
    "7,0"
  ],
  [
    {
      "y": -0.75,
      "x": 3
    },
    "3,3",
    {
      "x": 9.25
    },
    "8,3"
  ],
  [
    {
      "y": -0.8700000000000001,
      "x": 2
    },
    "3,2",
    {
      "x": 1
    },
    "3,4",
    {
      "x": 7.25
    },
    "8,2",
    {
      "x": 1
    },
    "8,4"
  ],
  [
    {
      "y": -0.8799999999999999,
      "x": 5
    },
    "3,5",
    {
      "x": 5.25
    },
    "8,1"
  ],
  [
    {
      "y": -0.8700000000000001,
      "c": "##777777",
      "t": "#aaaaaa"
    },
    "3,0",
    {
      "c": "#cccccc",
      "t": "#000000"
    },
    "3,1",
    {
      "x": 13.25
    },
    "8,5",
    {
      "c": "##777777",
      "t": "#aaaaaa"
    },
    "8,6"
  ],
  [
    {
      "y": -0.3799999999999999,
      "x": 3
    },
    "4,3",
    {
      "x": 9.25
    },
    "9,3"
  ],
  [
    {
      "y": -0.8700000000000001,
      "x": 2
    },
    "4,2",
    {
      "x": 11.25
    },
    "9,4"
  ],
  [
    {
      "y": -0.75
    },
    "4,0",
    "4,1",
    {
      "x": 13.25
    },
    "9,5",
    "9,6"
  ],
  [
    {
      "r": 30,
      "rx": 5,
      "ry": 3.25,
      "x": 1.5,
      "h": 2
    },
    "4,5",
    "3,6"
  ],
  [
    {
      "x": 0.5
    },
    "4,4",
    {
      "x": 1
    },
    "4,6"
  ],
  [
    {
      "r": -30,
      "rx": 12.25,
      "x": -3.5
    },
    "8,0",
    {
      "h": 2
    },
    "9,1"
  ],
  [
    {
      "x": -3.5
    },
    "9,0",
    {
      "x": 1
    },
    "9,2"
  ]
]
  }
}